0,0.848182,0,1
1,0.33856583,1,4
0,0.8460011,0,1
1,0.30840144,1,0
1,0.2594469,1,4
0,0.8248131,0,2
1,0.3983723,1,4
1,0.35603753,1,4
1,0.3086252,1,3
1,0.39607173,1,0
0,0.28207675,1,4
1,0.3948004,1,1
1,0.32969257,1,0
1,0.23598552,1,4
0,0.4208366,1,2
1,0.33844873,1,2
1,0.42255467,1,1
1,0.35940367,1,2
1,0.27349368,1,1
0,0.24295744,1,3
1,0.28444415,1,3
1,0.34117952,1,1
0,0.48728916,1,0
1,0.2613752,1,0
1,0.3856998,1,3
1,0.3607597,1,3
0,0.37381217,1,0
0,0.85892993,0,1
0,0.8550253,0,1
0,0.25516227,1,2
0,0.81452876,0,0
0,0.8408945,0,4
1,0.3347957,1,2
0,0.8506032,0,0
0,0.8110093,0,1
1,0.26641884,1,2
1,0.40878996,1,3
1,0.3316637,1,2
0,0.43655255,1,2
1,0.46830332,1,4
1,0.33350435,1,3
0,0.3837976,1,3
0,0.4314567,1,1
1,0.24567895,1,1
1,0.3669624,1,4
0,0.8592764,0,3
1,0.28581855,1,3
0,0.38801423,1,4
1,0.34431627,1,4
0,0.3465519,1,4
0,0.85347,0,3
1,0.34400156,1,2
1,0.36162204,1,1
0,0.30890965,1,1
1,0.30350423,1,0
0,0.39071918,1,2
1,0.43778378,1,1
0,0.3286148,1,0
1,0.30345201,1,4
1,0.30582505,1,4
1,0.3172999,1,3
1,0.31875837,1,1
0,0.8514726,0,4
1,0.32176813,1,0
1,0.6251782,0,4
0,0.3334085,1,2
0,0.8446776,0,3
0,0.3510894,1,1
0,0.33796853,1,3
1,0.2654936,1,0
1,0.43441248,1,2
0,0.40966398,1,3
0,0.85869706,0,0
1,0.36876208,1,2
1,0.30487436,1,3
1,0.37389383,1,0
1,0.33252278,1,0
1,0.8510557,0,1
1,0.3849912,1,2
1,0.36281675,1,3
1,0.24929258,1,1
1,0.3444672,1,0
0,0.4092453,1,3
0,0.83831614,0,4
1,0.37810943,1,1
0,0.35283023,1,1
0,0.26095718,1,2
1,0.30298275,1,4
0,0.45427817,1,2
1,0.2919722,1,0
0,0.8391333,0,2
1,0.2156281,1,3
0,0.8570149,0,0
1,0.828846,0,0
1,0.3304755,1,0
1,0.33820155,1,3
1,0.3320398,1,1
1,0.2810806,1,2
0,0.84704524,0,4
1,0.344496,1,2
1,0.3678169,1,3
1,0.27788424,1,1
1,0.33085197,1,2
1,0.23360878,1,0
1,0.26714233,1,3
1,0.37835252,1,3
1,0.31404182,1,3
1,0.2725154,1,1
0,0.4213861,1,2
1,0.33072135,1,1
0,0.85970235,0,4
1,0.32260668,1,2
0,0.28701112,1,0
1,0.5824098,0,1
1,0.2940555,1,4
0,0.3669396,1,4
1,0.29849455,1,1
0,0.527771,0,3
1,0.3322816,1,2
1,0.35844275,1,3
1,0.38525712,1,0
1,0.34764376,1,2
1,0.294226,1,0
1,0.24857765,1,2
0,0.8277415,0,3
1,0.51566964,0,3
1,0.29832911,1,4
1,0.3268435,1,2
1,0.82904094,0,0
0,0.50671196,0,0
1,0.49338445,1,1
1,0.31156093,1,2
1,0.49615735,1,3
1,0.3001777,1,1
0,0.42199457,1,1
1,0.3369537,1,2
0,0.3446849,1,3
1,0.3658116,1,3
1,0.40193045,1,3
0,0.8507549,0,3
0,0.8544326,0,1
1,0.42807686,1,0
1,0.25148737,1,4
1,0.31543043,1,3
1,0.3001763,1,4
1,0.267467,1,0
0,0.29193997,1,4
1,0.27752995,1,1
0,0.8305121,0,2
1,0.35043728,1,3
0,0.24400327,1,1
1,0.33019686,1,4
0,0.37120876,1,3
0,0.3264416,1,4
1,0.37196627,1,2
0,0.84337604,0,3
0,0.86390436,0,4
1,0.38247195,1,0
1,0.8524795,0,1
1,0.3891805,1,0
1,0.397058,1,2
0,0.47793928,1,1
1,0.41335627,1,3
1,0.31442013,1,4
1,0.31848553,1,4
1,0.34102902,1,3
1,0.64614844,0,4
1,0.3098037,1,2
1,0.28172934,1,2
0,0.840624,0,0
0,0.34808156,1,1
1,0.25269482,1,4
1,0.5210506,0,2
1,0.37858272,1,2
0,0.85161686,0,4
1,0.26989353,1,3
0,0.7989462,0,0
0,0.85862553,0,0
0,0.38212356,1,2
1,0.4186477,1,1
0,0.86390096,0,2
1,0.804907,0,2
0,0.84084326,0,3
1,0.21492998,1,1
1,0.2881568,1,0
1,0.81028897,0,4
1,0.37784567,1,4
1,0.394197,1,2
1,0.26725703,1,3
1,0.3451793,1,2
0,0.8533596,0,4
1,0.3714719,1,3
1,0.34555227,1,2
1,0.26611742,1,0
0,0.8490814,0,2
1,0.459271,1,0
1,0.477185,1,0
0,0.26804474,1,4
1,0.30916947,1,3
1,0.3714977,1,0
1,0.31789288,1,2
1,0.4943915,1,4
1,0.38166463,1,0
0,0.7930236,0,2
1,0.80796933,0,1
1,0.38115785,1,0
0,0.8572858,0,4
1,0.38099432,1,4
1,0.33443442,1,0
0,0.85434484,0,0
1,0.3966625,1,1
0,0.26618734,1,1
1,0.3816348,1,4
1,0.28611892,1,3
0,0.8174583,0,0
1,0.30128276,1,0
1,0.38217586,1,4
1,0.36507523,1,4
0,0.32081482,1,0
1,0.37046534,1,4
1,0.30796993,1,4
0,0.8280374,0,0
1,0.31910402,1,2
0,0.3846188,1,3
1,0.30109665,1,3
0,0.3676197,1,3
1,0.46370316,1,1
0,0.8617226,0,1
0,0.8393004,0,0
1,0.27357182,1,1
1,0.34724647,1,2
1,0.3541469,1,0
0,0.50021654,0,2
1,0.26730013,1,0
1,0.35272086,1,3
1,0.2707841,1,0
0,0.81064385,0,1
0,0.35584363,1,2
1,0.3542323,1,4
1,0.28962228,1,4
0,0.8499855,0,1
1,0.3542362,1,1
0,0.3122606,1,3
1,0.39616892,1,0
1,0.3274358,1,2
1,0.3843242,1,2
1,0.40605667,1,3
0,0.8503706,0,1
1,0.3360384,1,4
1,0.29221964,1,1
1,0.23791915,1,2
1,0.3253043,1,4
1,0.30189285,1,0
1,0.2914921,1,0
1,0.31076244,1,3
0,0.84942925,0,2
1,0.41032344,1,0
1,0.3480987,1,2
0,0.86813825,0,3
1,0.31258315,1,1
1,0.348509,1,2
1,0.28147638,1,3
0,0.8463733,0,2
0,0.848314,0,3
0,0.33398736,1,1
0,0.34523392,1,1
0,0.85893834,0,3
0,0.43187377,1,0
1,0.30264735,1,1
1,0.35787147,1,4
0,0.832949,0,0
0,0.34664416,1,1
1,0.31666586,1,2
1,0.42849782,1,3
0,0.8566914,0,1
1,0.33412063,1,0
0,0.4036762,1,3
1,0.34363693,1,1
1,0.35197333,1,0
1,0.26537186,1,1
0,0.3886643,1,3
0,0.38766187,1,2
1,0.30543748,1,0
1,0.37952772,1,1
1,0.36236256,1,0
0,0.7839826,0,0
1,0.42261726,1,3
1,0.39770284,1,1
1,0.4432065,1,4
1,0.3853936,1,3
0,0.364657,1,1
1,0.31627658,1,3
1,0.2859621,1,0
0,0.3268582,1,0
1,0.3031522,1,0
0,0.8264973,0,3
0,0.35101497,1,2
0,0.846979,0,2
1,0.39212763,1,3
0,0.8536706,0,0
0,0.8250637,0,1
0,0.37747082,1,3
1,0.38383132,1,2
1,0.38782522,1,4
1,0.3644789,1,2
1,0.38977608,1,4
1,0.28173608,1,4
0,0.85519135,0,1
0,0.83306247,0,1
1,0.3765483,1,3
1,0.30935296,1,2
0,0.8556738,0,0
1,0.2992209,1,3
0,0.8520622,0,1
1,0.40493828,1,1
1,0.34481248,1,1
1,0.3614026,1,3
1,0.36184502,1,3
1,0.2835579,1,0
0,0.30686018,1,4
1,0.31267315,1,1
1,0.26646942,1,1
1,0.32021832,1,0
0,0.81068426,0,4
0,0.2791644,1,2
0,0.5246396,0,0
0,0.8595775,0,2
1,0.28382862,1,2
1,0.85510874,0,4
0,0.27761605,1,0
1,0.3457473,1,1
0,0.8270868,0,1
0,0.25613183,1,2
1,0.48927283,1,3
1,0.26932043,1,2
1,0.31678107,1,1
1,0.40993574,1,4
0,0.32166913,1,1
0,0.34278047,1,3
1,0.26593345,1,4
1,0.40089476,1,1
0,0.8623919,0,4
1,0.29177734,1,4
1,0.31752598,1,4
1,0.3425343,1,4
1,0.37137097,1,4
1,0.41002047,1,2
1,0.27007583,1,2
0,0.86164707,0,2
1,0.35802922,1,4
1,0.28910023,1,4
1,0.4993352,1,1
1,0.3059004,1,4
1,0.43966365,1,1
1,0.35710576,1,0
1,0.40735593,1,4
1,0.3066684,1,3
0,0.85336876,0,3
0,0.84589136,0,0
0,0.28553912,1,4
0,0.4160015,1,3
0,0.50414157,0,4
1,0.37650406,1,0
1,0.2939288,1,0
0,0.3615902,1,3
1,0.3741587,1,2
1,0.26318112,1,3
1,0.30799153,1,1
1,0.3124753,1,3
1,0.26560223,1,1
1,0.4002865,1,4
1,0.38121343,1,3
1,0.41170767,1,2
0,0.86356336,0,3
1,0.33762243,1,2
1,0.41760734,1,3
0,0.83257866,0,0
1,0.3083319,1,1
1,0.4759528,1,3
0,0.8526599,0,3
0,0.32187316,1,2
1,0.31121787,1,3
1,0.34879938,1,4
1,0.32445017,1,0
1,0.4469717,1,0
0,0.83955413,0,1
0,0.33544835,1,2
1,0.35231724,1,0
0,0.83337146,0,4
1,0.3956798,1,4
1,0.4085247,1,0
0,0.3986828,1,4
1,0.415708,1,4
1,0.3018294,1,3
1,0.32922506,1,1
1,0.30963403,1,1
0,0.8303423,0,0
1,0.38824338,1,4
1,0.33335978,1,1
0,0.85100645,0,3
0,0.27708578,1,2
0,0.51626366,0,0
1,0.3444404,1,3
0,0.8509495,0,4
1,0.32956126,1,2
0,0.32324785,1,2
1,0.33516088,1,4
1,0.24769647,1,1
0,0.8567312,0,1
1,0.32789052,1,0
0,0.8177308,0,2
1,0.29339945,1,1
1,0.251776,1,3
0,0.28505364,1,1
0,0.8395277,0,0
1,0.37067172,1,0
0,0.84286165,0,2
0,0.80619574,0,1
1,0.8470227,0,0
1,0.361733,1,3
1,0.3656369,1,4
0,0.8472255,0,2
0,0.4315549,1,3
1,0.29506105,1,1
1,0.27385342,1,3
1,0.3431739,1,3
1,0.3667956,1,4
0,0.34593576,1,2
1,0.3384958,1,3
0,0.8456826,0,3
0,0.8442526,0,3
0,0.859441,0,2
1,0.36143303,1,3
0,0.8530102,0,1
1,0.31518078,1,2
1,0.3096619,1,4
0,0.36720672,1,4
1,0.36011177,1,0
0,0.82921386,0,4
0,0.84934354,0,1
1,0.36767083,1,3
0,0.82277566,0,1
1,0.33143827,1,3
1,0.27650222,1,2
0,0.8319661,0,2
1,0.28350365,1,2
1,0.36016715,1,2
0,0.8270428,0,2
1,0.31949544,1,3
1,0.2885999,1,3
1,0.2889955,1,2
0,0.5283934,0,2
0,0.8502705,0,0
0,0.2809697,1,0
1,0.33738485,1,3
1,0.37428916,1,1
1,0.34739825,1,1
0,0.34082717,1,1
1,0.40717646,1,2
0,0.3024539,1,4
1,0.45818344,1,2
0,0.36818293,1,0
1,0.3312895,1,2
0,0.37307018,1,4
1,0.2884025,1,0
0,0.35958982,1,4
1,0.36081645,1,3
1,0.29399395,1,2
1,0.28951395,1,4
0,0.37660393,1,0
1,0.31775123,1,4
1,0.43994483,1,2
1,0.2659175,1,4
1,0.37129632,1,4
1,0.35461593,1,2
0,0.8453733,0,3
1,0.29504704,1,3
1,0.49996305,1,3
1,0.28776962,1,3
1,0.35758778,1,3
1,0.35926262,1,2
0,0.8563368,0,4
0,0.8446845,0,4
1,0.49691352,1,1
1,0.31530142,1,3
0,0.86154234,0,4
1,0.35411227,1,1
1,0.3226092,1,2
0,0.38419855,1,3
1,0.2995764,1,2
1,0.37149346,1,2
1,0.34452742,1,0
0,0.3463285,1,2
1,0.26003012,1,0
1,0.3399325,1,3
1,0.24888659,1,4
1,0.27132565,1,0
0,0.30099592,1,1
1,0.3538708,1,2
1,0.28352255,1,2
1,0.34771693,1,4
1,0.36204737,1,0
0,0.85654783,0,0
0,0.44360393,1,0
1,0.24737045,1,1
1,0.38354346,1,4
1,0.36386555,1,4
0,0.83666795,0,4
1,0.86453736,0,3
0,0.3972964,1,4
0,0.8400444,0,3
0,0.8477809,0,4
1,0.2619633,1,0
0,0.86047,0,2
1,0.30032483,1,2
1,0.30366012,1,0
1,0.2599571,1,3
1,0.33961824,1,4
1,0.2889309,1,3
1,0.30677977,1,2
0,0.46850967,1,2
0,0.44475168,1,0
1,0.32311517,1,3
1,0.3461965,1,3
1,0.36110914,1,2
1,0.30120522,1,4
0,0.5044331,0,0
1,0.33161762,1,4
1,0.44714218,1,1
1,0.34029377,1,3
1,0.24667332,1,2
1,0.3261366,1,1
0,0.84060085,0,3
0,0.84918153,0,0
1,0.23367168,1,2
1,0.36863014,1,3
1,0.3212235,1,1
1,0.27138308,1,1
1,0.2924435,1,4
0,0.31150773,1,2
0,0.34786546,1,3
1,0.26295215,1,0
0,0.8434267,0,4
1,0.28403816,1,1
1,0.38777912,1,2
1,0.3084433,1,3
1,0.32783374,1,1
1,0.26802173,1,1
1,0.22753814,1,1
1,0.33409023,1,4
1,0.36713618,1,1
1,0.39313388,1,2
0,0.8544323,0,2
1,0.22720908,1,2
0,0.8410586,0,2
0,0.28229836,1,1
1,0.43933254,1,1
1,0.3711726,1,1
0,0.7850656,0,4
1,0.24507464,1,0
1,0.4106983,1,4
1,0.3960249,1,3
1,0.31481123,1,2
0,0.85809726,0,3
0,0.36061537,1,4
1,0.28146544,1,1
0,0.40291387,1,0
0,0.8603857,0,3
1,0.2948777,1,3
0,0.8099309,0,4
0,0.29275665,1,0
1,0.36262494,1,2
1,0.27491468,1,2
0,0.8664564,0,1
1,0.26785693,1,1
1,0.38118792,1,2
1,0.32276717,1,0
1,0.3484414,1,1
0,0.46110183,1,2
1,0.32464302,1,3
1,0.25886342,1,3
0,0.39062,1,3
1,0.41646275,1,2
1,0.328672,1,1
0,0.2619779,1,0
0,0.36630434,1,4
1,0.34749097,1,1
0,0.8311286,0,4
1,0.3195073,1,3
1,0.36327332,1,0
0,0.3457892,1,2
0,0.80462074,0,4
1,0.42202958,1,4
1,0.32746497,1,2
1,0.4141529,1,4
1,0.28791428,1,1
1,0.26638687,1,0
0,0.8409384,0,3
1,0.25535828,1,3
1,0.29245856,1,1
1,0.4122392,1,4
1,0.3524665,1,0
1,0.39369315,1,2
1,0.2840126,1,0
1,0.30907777,1,4
1,0.2917171,1,2
1,0.2338818,1,4
1,0.4806711,1,4
1,0.22746217,1,1
1,0.43865597,1,2
1,0.39057574,1,1
1,0.27796638,1,3
0,0.4042717,1,3
0,0.8550335,0,3
1,0.30336502,1,0
0,0.8568825,0,2
0,0.84224296,0,0
1,0.82898855,0,1
1,0.3593548,1,0
0,0.5035721,0,3
1,0.3330218,1,0
1,0.37285113,1,2
1,0.37225646,1,4
1,0.38196325,1,1
1,0.39098275,1,4
0,0.8373106,0,4
1,0.3786301,1,3
1,0.28911135,1,3
1,0.32070643,1,4
1,0.26573482,1,3
1,0.3649923,1,3
1,0.30233395,1,2
1,0.30792564,1,4
1,0.32172078,1,2
0,0.52330106,0,4
0,0.86328983,0,1
0,0.846566,0,1
1,0.31479487,1,3
1,0.3586786,1,4
1,0.3022675,1,0
1,0.32526743,1,2
0,0.84127104,0,0
1,0.40535337,1,3
0,0.40104222,1,4
1,0.29291984,1,4
0,0.8552276,0,2
1,0.8584155,0,0
1,0.24382621,1,1
0,0.3894905,1,0
0,0.83635014,0,3
1,0.24395096,1,3
1,0.42493016,1,1
0,0.8516512,0,1
0,0.5025815,0,0
0,0.31870198,1,1
0,0.43737325,1,4
0,0.8683228,0,4
1,0.34882537,1,0
0,0.8532444,0,2
1,0.3369163,1,0
1,0.83826196,0,2
1,0.3983616,1,3
1,0.31643033,1,4
1,0.38355425,1,1
0,0.8555358,0,3
1,0.8488406,0,1
1,0.38555983,1,1
1,0.29981717,1,0
1,0.37469122,1,4
0,0.28978685,1,4
1,0.33336088,1,4
1,0.37636954,1,2
1,0.28704634,1,3
1,0.32118666,1,3
1,0.30552313,1,3
1,0.406446,1,0
1,0.28718564,1,1
1,0.37691608,1,4
1,0.33497334,1,3
0,0.40023702,1,3
0,0.39851984,1,0
1,0.3042782,1,0
0,0.8424318,0,2
1,0.35428914,1,1
1,0.30781597,1,3
0,0.8465305,0,2
1,0.3475238,1,1
1,0.32887566,1,4
1,0.39093933,1,0
1,0.34781736,1,4
1,0.38001153,1,3
1,0.30939865,1,0
0,0.28807825,1,2
1,0.29573563,1,0
1,0.3539114,1,0
0,0.8479507,0,4
1,0.43090153,1,4
1,0.294577,1,2
0,0.3740335,1,4
0,0.8509724,0,0
1,0.26890492,1,4
0,0.29733342,1,4
1,0.3206044,1,0
0,0.31799644,1,1
0,0.8092921,0,1
1,0.26547918,1,3
1,0.83723,0,3
1,0.2920611,1,2
1,0.34768486,1,0
0,0.84257483,0,0
1,0.8439505,0,4
1,0.29607785,1,3
0,0.8265672,0,3
1,0.85026145,0,1
0,0.30425927,1,1
1,0.37005806,1,3
0,0.28932205,1,2
0,0.32980645,1,4
1,0.45736203,1,3
1,0.3713373,1,4
0,0.83876055,0,4
0,0.3693354,1,2
0,0.8541734,0,1
0,0.32844198,1,1
0,0.31891477,1,0
1,0.31762218,1,0
1,0.3071599,1,1
0,0.26021785,1,1
0,0.34721893,1,2
1,0.30901283,1,1
0,0.84804714,0,4
0,0.29438552,1,4
1,0.33390266,1,3
1,0.30104592,1,0
0,0.38861045,1,1
1,0.31091437,1,3
0,0.8450059,0,2
0,0.36184233,1,3
1,0.40160385,1,1
0,0.54674286,0,0
1,0.3784637,1,2
0,0.8303703,0,1
1,0.30633867,1,2
1,0.8472489,0,2
1,0.29527614,1,4
0,0.8339736,0,3
1,0.29157767,1,4
0,0.42737198,1,1
1,0.3802591,1,0
1,0.4055078,1,4
1,0.34804922,1,1
1,0.22815202,1,1
0,0.3267393,1,1
0,0.83494925,0,1
0,0.8407715,0,1
0,0.37975553,1,1
1,0.2549047,1,1
1,0.30904755,1,3
1,0.4041274,1,2
1,0.2909415,1,2
1,0.27662885,1,1
0,0.47259852,1,3
1,0.3344524,1,4
1,0.57709837,0,3
1,0.3425109,1,0
0,0.85598946,0,0
1,0.411299,1,3
1,0.32914144,1,2
1,0.3202036,1,4
1,0.384558,1,1
1,0.31812924,1,3
0,0.40069318,1,3
0,0.28062004,1,3
1,0.33260834,1,1
0,0.8532489,0,4
0,0.30575925,1,3
1,0.44552594,1,2
1,0.44510534,1,0
1,0.40494013,1,4
0,0.31702614,1,4
0,0.8541395,0,0
1,0.3795172,1,0
1,0.46571216,1,4
1,0.4494081,1,4
1,0.25599647,1,0
1,0.48349237,1,3
0,0.4833507,1,2
0,0.8531628,0,0
0,0.37323546,1,1
0,0.74333173,0,3
1,0.3130372,1,0
0,0.3021387,1,1
1,0.26377398,1,0
1,0.37659946,1,3
0,0.33773142,1,1
0,0.33417493,1,2
1,0.39895767,1,1
1,0.38666672,1,0
0,0.86470574,0,3
0,0.48044088,1,3
1,0.36614406,1,2
1,0.34943622,1,0
1,0.8133929,0,4
0,0.45881584,1,2
1,0.4113536,1,4
1,0.40709344,1,4
1,0.38780132,1,0
1,0.46970123,1,1
1,0.3124827,1,4
0,0.8467807,0,3
1,0.38468724,1,3
1,0.29804018,1,1
1,0.32069725,1,3
0,0.85325056,0,3
0,0.84679705,0,1
0,0.85776716,0,4
1,0.40827575,1,3
0,0.8463867,0,2
0,0.824623,0,4
1,0.3185044,1,2
1,0.29680228,1,4
0,0.8541396,0,3
1,0.35811192,1,2
1,0.37325916,1,4
0,0.8457186,0,3
1,0.39928836,1,3
1,0.21638767,1,1
0,0.84734035,0,4
0,0.8501369,0,0
0,0.33083183,1,4
1,0.24806622,1,3
0,0.8530717,0,0
0,0.27590775,1,2
1,0.29514483,1,2
1,0.3180399,1,2
1,0.8507428,0,3
1,0.30253923,1,2
1,0.35740173,1,2
0,0.3570986,1,0
1,0.36691663,1,2
1,0.3729394,1,3
1,0.28076035,1,1
1,0.41296768,1,3
1,0.3319141,1,1
0,0.85917026,0,2
0,0.7912214,0,4
1,0.32300666,1,4
1,0.37235337,1,1
1,0.3577208,1,3
1,0.3132892,1,4
0,0.50808287,0,4
0,0.34282526,1,1
1,0.3205513,1,1
1,0.28839785,1,3
1,0.8331671,0,3
1,0.3833069,1,4
1,0.3811925,1,4
0,0.2916303,1,1
1,0.40090224,1,2
1,0.83325183,0,2
0,0.85654867,0,4
1,0.2368342,1,1
0,0.8627186,0,4
0,0.8510534,0,3
1,0.3568013,1,1
1,0.33791798,1,2
1,0.83612335,0,3
1,0.8297632,0,0
1,0.3541817,1,3
1,0.3898596,1,2
1,0.29848468,1,1
0,0.34862584,1,4
1,0.30656236,1,0
0,0.82680595,0,2
1,0.3457757,1,4
1,0.2939987,1,1
1,0.2610114,1,0
0,0.83074605,0,0
1,0.33721548,1,3
1,0.34004304,1,0
0,0.86090344,0,1
0,0.8526733,0,2
1,0.3450126,1,0
0,0.8310499,0,1
1,0.3257891,1,1
0,0.30225483,1,1
1,0.35412976,1,0
1,0.26145065,1,0
1,0.3992054,1,2
1,0.37945822,1,0
1,0.29746068,1,4
1,0.3418272,1,3
1,0.27582103,1,2
0,0.8384115,0,2
0,0.38801894,1,4
0,0.8547064,0,4
0,0.31877574,1,3
0,0.41220543,1,0
0,0.3791678,1,2
0,0.85875857,0,1
0,0.32375202,1,2
0,0.35596603,1,0
1,0.30016032,1,3
1,0.36966223,1,1
1,0.31352025,1,1
1,0.31167716,1,0
0,0.380584,1,1
0,0.8610438,0,1
1,0.2940138,1,3
1,0.29427293,1,0
1,0.3215654,1,3
1,0.27991962,1,0
1,0.3122805,1,4
1,0.27908856,1,4
0,0.859738,0,4
1,0.25326422,1,4
1,0.3214901,1,3
0,0.5438237,0,1
1,0.27051267,1,4
0,0.41311446,1,1
1,0.8541888,0,0
1,0.2915872,1,3
0,0.3345088,1,0
0,0.80587816,0,0
1,0.27949774,1,0
1,0.34048378,1,1
0,0.3143055,1,1
1,0.42404327,1,1
1,0.43182686,1,2
1,0.86832726,0,1
1,0.2884979,1,1
1,0.33987564,1,1
1,0.39826745,1,2
0,0.8586921,0,3
0,0.836196,0,3
0,0.819633,0,1
1,0.3630575,1,2
1,0.3585992,1,0
1,0.31185612,1,2
1,0.35356665,1,3
1,0.36875814,1,3
1,0.40474302,1,2
1,0.37742347,1,0
1,0.2618034,1,1
0,0.4460606,1,2
1,0.48063576,1,3
0,0.8469242,0,1
0,0.86089396,0,1
1,0.34937707,1,1
1,0.39060777,1,3
0,0.8574297,0,0
1,0.31708592,1,2
1,0.28306994,1,0
1,0.4096295,1,1
0,0.3253224,1,4
0,0.8512385,0,1
1,0.85342664,0,0
1,0.3912187,1,0
0,0.2646384,1,0
1,0.31057698,1,4
1,0.23979269,1,4
1,0.3739988,1,1
1,0.41017628,1,0
1,0.31502876,1,4
0,0.85164475,0,2
0,0.8525132,0,3
1,0.305915,1,3
0,0.2878297,1,3
1,0.33638924,1,4
1,0.31265467,1,1
1,0.32604232,1,0
0,0.848894,0,2
0,0.85486114,0,0
0,0.3391113,1,4
0,0.29812092,1,2
1,0.34250107,1,4
1,0.3571208,1,4
1,0.2952137,1,4
1,0.33328012,1,2
1,0.27973711,1,1
0,0.8597634,0,2
0,0.39287934,1,1
0,0.8040817,0,0
0,0.39323306,1,2
0,0.46723655,1,0
1,0.28585383,1,2
1,0.38943475,1,4
0,0.8567716,0,2
1,0.2902149,1,0
1,0.2617373,1,3
0,0.37649754,1,0
0,0.38306007,1,4
1,0.3635173,1,3
1,0.2781505,1,1
0,0.8642653,0,4
0,0.8080152,0,0
0,0.84994996,0,1
1,0.3676285,1,3
1,0.37546107,1,3
0,0.3208274,1,2
1,0.26005417,1,1
1,0.35858247,1,1
1,0.31232464,1,2
1,0.3084029,1,3
1,0.36630797,1,2
1,0.25063762,1,0
1,0.2389385,1,3
1,0.4324966,1,4
0,0.27601567,1,4
1,0.41409206,1,4
1,0.38660774,1,0
1,0.3761532,1,3
0,0.8622595,0,1
0,0.83797264,0,1
0,0.83027375,0,2
1,0.32706988,1,2
1,0.30641463,1,2
0,0.3363115,1,1
1,0.39890304,1,4
0,0.40893516,1,0
1,0.3418941,1,2
1,0.28014284,1,0
1,0.39464784,1,3
0,0.8301587,0,4
1,0.3539554,1,1
0,0.34010452,1,0
1,0.2968329,1,1
1,0.3199513,1,0
0,0.85240054,0,2
0,0.35548717,1,0
1,0.37023225,1,4
1,0.3194555,1,4
0,0.82883203,0,3
1,0.30183098,1,4
0,0.8509331,0,3
0,0.8509593,0,4
1,0.37670255,1,2
0,0.8585374,0,1
1,0.3774424,1,4
1,0.29822826,1,0
1,0.4605221,1,4
1,0.4728315,1,4
0,0.8604853,0,0
1,0.31945714,1,4
1,0.29534742,1,3
1,0.24206111,1,1
0,0.47149765,1,0
0,0.34013942,1,2
1,0.29617715,1,1
1,0.4272195,1,1
1,0.3074242,1,4
1,0.33608213,1,4
0,0.8557241,0,0
1,0.32423255,1,1
0,0.85195935,0,4
0,0.7977586,0,0
1,0.3192066,1,3
1,0.28470483,1,0
1,0.3444457,1,4
1,0.38675487,1,3
0,0.31814945,1,3
1,0.45498887,1,2
1,0.28946596,1,2
0,0.8626193,0,2
0,0.85179794,0,1
0,0.24923754,1,1
1,0.30453354,1,1
0,0.2907369,1,1
1,0.34585473,1,2
0,0.84951395,0,4
0,0.33582878,1,1
1,0.30749324,1,4
1,0.35664287,1,3
1,0.42770404,1,2
1,0.29342285,1,4
0,0.849152,0,2
1,0.29165876,1,3
0,0.8324314,0,1
1,0.38408086,1,1
0,0.38595772,1,3
1,0.36986488,1,1
0,0.8346341,0,3
1,0.36746258,1,0
1,0.36350936,1,0
1,0.83718747,0,4
1,0.2837747,1,4
0,0.8455681,0,2
1,0.31202498,1,1
1,0.2635647,1,4
1,0.2556993,1,3
1,0.22862488,1,2
1,0.32918924,1,2
1,0.25748295,1,4
0,0.80910254,0,1
0,0.833815,0,2
1,0.3094174,1,3
1,0.24459448,1,0
1,0.3773322,1,2
1,0.85685956,0,1
0,0.8415167,0,1
1,0.39959967,1,3
0,0.8268403,0,4
1,0.37651297,1,4
0,0.30223686,1,3
1,0.289023,1,3
0,0.861882,0,0
0,0.8433169,0,3
0,0.38145626,1,0
0,0.85831237,0,0
0,0.33741677,1,1
1,0.3410749,1,2
0,0.8118648,0,1
0,0.8416916,0,2
0,0.8570386,0,3
1,0.47329298,1,1
0,0.84856224,0,2
1,0.38362515,1,1
1,0.30150613,1,0
0,0.8528986,0,1
1,0.35010844,1,0
1,0.30558017,1,3
1,0.36183724,1,1
0,0.31581527,1,3
1,0.32607135,1,3
1,0.23479229,1,1
1,0.3338138,1,4
1,0.37317702,1,2
1,0.37296778,1,1
1,0.3854191,1,1
0,0.3233961,1,2
1,0.31793913,1,1
1,0.41744772,1,4
1,0.40453768,1,3
1,0.85601294,0,0
1,0.31588796,1,3
0,0.8487923,0,4
0,0.86672884,0,1
1,0.31968006,1,3
0,0.30860844,1,2
1,0.5891489,0,1
0,0.38341308,1,4
1,0.3092142,1,0
1,0.39965415,1,2
0,0.839704,0,0
1,0.39894885,1,1
0,0.8464623,0,4
1,0.36712995,1,4
1,0.36077023,1,3
1,0.24747422,1,3
1,0.28245336,1,0
1,0.36692238,1,4
0,0.28170308,1,0
1,0.33934295,1,0
0,0.3411883,1,4
1,0.3496053,1,2
1,0.2824297,1,3
1,0.3148965,1,3
0,0.3289239,1,4
0,0.84472257,0,1
0,0.85027236,0,3
1,0.36188382,1,4
1,0.30037835,1,0
0,0.35007918,1,4
1,0.32028168,1,3
0,0.8243676,0,2
1,0.24381775,1,2
1,0.3003012,1,1
1,0.40887824,1,1
1,0.29055965,1,0
0,0.36764973,1,2
1,0.33332673,1,2
0,0.8483045,0,2
0,0.8618277,0,4
1,0.8586877,0,1
1,0.27626586,1,3
0,0.46192592,1,3
0,0.84552383,0,2
1,0.34414753,1,0
1,0.47014377,1,2
1,0.33576953,1,0
0,0.837102,0,2
0,0.81075853,0,4
1,0.52050924,0,4
1,0.30192026,1,0
1,0.39924413,1,2
1,0.34670603,1,2
1,0.44405597,1,3
0,0.8381494,0,1
1,0.31150246,1,0
1,0.33447582,1,1
1,0.35574245,1,0
1,0.3451341,1,1
0,0.8528194,0,3
0,0.8603045,0,4
1,0.34638387,1,0
1,0.36361068,1,0
1,0.35407054,1,1
0,0.546869,0,4
0,0.8503179,0,0
0,0.8597108,0,3
1,0.35951182,1,2
0,0.84761304,0,0
0,0.35768723,1,3
0,0.8616884,0,4
1,0.46103075,1,2
0,0.856977,0,3
1,0.28956237,1,1
1,0.32734787,1,1
1,0.2516024,1,4
0,0.83026624,0,0
0,0.85821134,0,2
0,0.42336047,1,1
0,0.35305637,1,1
1,0.205961,1,0
1,0.28286085,1,1
0,0.3838441,1,2
1,0.3389226,1,1
0,0.8532639,0,0
0,0.8529816,0,4
1,0.28265363,1,3
0,0.27005044,1,0
1,0.27675158,1,0
0,0.34745297,1,2
0,0.83965635,0,2
1,0.30432746,1,2
0,0.8195636,0,0
1,0.32614914,1,2
0,0.86069036,0,1
1,0.3248013,1,4
1,0.31867775,1,2
0,0.40612784,1,0
1,0.2761858,1,1
1,0.29608116,1,4
1,0.3754419,1,3
1,0.24715103,1,2
1,0.28332692,1,0
1,0.3017364,1,2
1,0.4590751,1,3
1,0.85484284,0,4
0,0.8390535,0,1
0,0.3148566,1,4
1,0.375281,1,3
0,0.841777,0,3
1,0.32802776,1,1
1,0.3200726,1,2
1,0.30268908,1,0
1,0.3787628,1,0
1,0.22274217,1,1
0,0.81285,0,0
0,0.8370984,0,3
1,0.44204953,1,4
0,0.8554302,0,1
1,0.38076353,1,3
0,0.2699996,1,4
1,0.29770672,1,2
0,0.81530845,0,4
0,0.33393988,1,3
0,0.29092723,1,0
1,0.362033,1,0
0,0.32553527,1,0
0,0.83978343,0,4
0,0.35136557,1,2
1,0.31486174,1,1
0,0.8398496,0,4
0,0.2839301,1,0
1,0.82623637,0,4
1,0.32775515,1,1
1,0.23179504,1,0
1,0.2577857,1,3
1,0.34439418,1,1
0,0.8524303,0,2
1,0.42323008,1,3
0,0.8522079,0,2
1,0.28839144,1,2
0,0.7768289,0,0
1,0.33310908,1,3
1,0.34907982,1,3
1,0.30497074,1,2
0,0.4409002,1,4
1,0.34838128,1,3
1,0.34858504,1,3
0,0.3890347,1,4
0,0.3804391,1,2
0,0.86020714,0,1
1,0.37052423,1,0
1,0.29163522,1,0
1,0.32966897,1,2
1,0.31455848,1,3
0,0.85973805,0,3
1,0.83418465,0,2
1,0.25212753,1,3
0,0.841142,0,4
0,0.8530036,0,1
1,0.2642803,1,1
1,0.38823396,1,2
1,0.26391667,1,0
0,0.8595998,0,3
1,0.4511953,1,3
0,0.335711,1,4
0,0.8547498,0,2
1,0.2892017,1,1
0,0.38887596,1,1
1,0.22982523,1,1
0,0.82347673,0,0
1,0.4229374,1,3
1,0.34765902,1,4
1,0.29548317,1,1
1,0.32293865,1,3
1,0.356664,1,3
1,0.36033764,1,1
1,0.3400794,1,3
1,0.38079423,1,4
0,0.35129774,1,0
1,0.3043326,1,0
1,0.2937653,1,4
1,0.2681013,1,4
1,0.29355168,1,2
1,0.3521849,1,0
1,0.34572253,1,0
0,0.35070005,1,0
0,0.29569742,1,3
1,0.31791976,1,2
1,0.2515095,1,0
1,0.28995457,1,2
1,0.35073668,1,4
0,0.8507036,0,0
0,0.86337054,0,3
0,0.85533214,0,2
1,0.29870933,1,4
1,0.37156215,1,4
1,0.39227006,1,3
1,0.4270726,1,2
1,0.34057897,1,3
1,0.85288733,0,1
1,0.30785915,1,4
1,0.2753904,1,2
0,0.3322778,1,0
0,0.31356916,1,3
1,0.24236953,1,2
0,0.86336434,0,1
0,0.41272876,1,0
0,0.52243406,0,0
0,0.3663728,1,0
1,0.3709014,1,3
0,0.33146352,1,2
0,0.5513298,0,3
1,0.53282326,0,1
1,0.28896466,1,1
0,0.8707392,0,0
1,0.321685,1,4
1,0.32059076,1,0
1,0.2984816,1,0
0,0.8541987,0,2
1,0.34230733,1,2
1,0.46969622,1,0
0,0.371333,1,4
1,0.2982516,1,0
1,0.279034,1,3
1,0.2441819,1,3
1,0.37609056,1,2
0,0.50280535,0,2
1,0.32579088,1,1
0,0.8581345,0,0
0,0.3228141,1,0
1,0.30689606,1,4
1,0.4010136,1,4
1,0.2599911,1,2
1,0.315541,1,3
1,0.25883865,1,2
0,0.8368311,0,3
1,0.28053963,1,1
0,0.31630602,1,3
1,0.35282496,1,1
1,0.30739635,1,3
1,0.35480076,1,2
1,0.23769179,1,3
1,0.28982887,1,0
0,0.30770224,1,0
1,0.43563962,1,2
1,0.34277213,1,0
1,0.28527772,1,1
1,0.31144068,1,1
0,0.846322,0,3
1,0.3401432,1,3
0,0.8529109,0,2
1,0.4748147,1,2
1,0.3468597,1,3
0,0.8469931,0,4
0,0.38330376,1,4
1,0.31516448,1,2
0,0.84911,0,1
1,0.31181586,1,2
1,0.3787907,1,2
1,0.28145325,1,3
0,0.48050508,1,0
0,0.3566973,1,2
1,0.2664291,1,0
0,0.85422367,0,1
0,0.3746658,1,4
1,0.33948025,1,4
1,0.2677744,1,4
0,0.43928128,1,0
1,0.41807348,1,4
1,0.33015135,1,0
0,0.85017854,0,0
1,0.36648697,1,4
0,0.8566128,0,0
1,0.40202925,1,3
0,0.84593546,0,2
1,0.2919218,1,2
1,0.39557508,1,1
0,0.26184887,1,3
1,0.37846273,1,1
1,0.36046368,1,2
0,0.82869935,0,3
0,0.85201085,0,3
1,0.2638384,1,0
1,0.3583477,1,3
1,0.32263008,1,0
0,0.8524469,0,3
1,0.37864065,1,1
0,0.86072326,0,4
1,0.24643624,1,1
1,0.4375906,1,3
0,0.804591,0,2
1,0.32891688,1,3
1,0.25599217,1,1
0,0.8049569,0,4
0,0.37573656,1,1
0,0.5260455,0,2
1,0.3555915,1,0
1,0.33297896,1,4
0,0.8452965,0,1
1,0.37538937,1,4
1,0.3779534,1,1
0,0.42727137,1,1
0,0.329697,1,1
0,0.8503791,0,2
0,0.853877,0,1
1,0.40538815,1,3
0,0.84671694,0,4
0,0.3512869,1,3
1,0.2524051,1,2
0,0.7800477,0,4
1,0.31071523,1,0
1,0.36840713,1,4
1,0.38452813,1,4
0,0.7677712,0,1
1,0.42084217,1,4
1,0.39636552,1,4
0,0.39692354,1,2
1,0.27562115,1,4
1,0.3141327,1,3
1,0.34419653,1,0
0,0.79090214,0,0
1,0.49177268,1,2
1,0.4411955,1,3
1,0.31721553,1,4
1,0.26012957,1,4
0,0.82871425,0,0
1,0.30621767,1,2
0,0.85017884,0,0
1,0.24267687,1,0
0,0.5557541,0,0
1,0.44233552,1,4
0,0.39410567,1,1
0,0.30386826,1,0
1,0.29753572,1,3
1,0.34600368,1,2
0,0.8639382,0,3
1,0.3033136,1,0
0,0.8593162,0,3
1,0.4037937,1,2
1,0.31772098,1,2
0,0.8297248,0,3
0,0.294731,1,2
1,0.23826918,1,1
1,0.37678647,1,4
1,0.22351311,1,3
1,0.33257544,1,2
0,0.33932188,1,3
1,0.29788557,1,1
1,0.8614911,0,0
1,0.32644093,1,4
1,0.3535283,1,4
0,0.34620225,1,4
1,0.2549645,1,2
1,0.30086076,1,2
1,0.34617785,1,3
0,0.85484713,0,1
1,0.3248369,1,3
1,0.2386074,1,1
1,0.25698665,1,1
0,0.35312337,1,3
1,0.27732652,1,2
1,0.28091288,1,2
0,0.84766924,0,4
0,0.8489228,0,4
1,0.3128504,1,4
0,0.34983334,1,4
1,0.3211823,1,2
1,0.42983347,1,2
1,0.32302314,1,0
0,0.30713892,1,4
1,0.35308486,1,0
0,0.833125,0,1
0,0.84754163,0,2
0,0.78335655,0,1
1,0.41779515,1,1
0,0.37634194,1,3
0,0.4487103,1,0
1,0.37318984,1,0
1,0.27979437,1,3
1,0.34775767,1,0
0,0.85591394,0,4
0,0.8209763,0,2
0,0.3416096,1,3
1,0.35401022,1,4
1,0.5200962,0,2
1,0.36927003,1,0
0,0.36453196,1,2
0,0.8399036,0,2
1,0.2554622,1,3
1,0.2725623,1,0
1,0.37834275,1,0
1,0.44628218,1,0
1,0.4089487,1,2
1,0.3554915,1,0
1,0.20747432,1,2
0,0.29995704,1,2
0,0.38747156,1,0
1,0.37834945,1,1
1,0.34023407,1,3
0,0.85707015,0,0
1,0.3847626,1,1
0,0.85934526,0,4
1,0.2620003,1,0
1,0.4722839,1,1
1,0.32122147,1,2
1,0.30376545,1,1
0,0.2753607,1,0
1,0.35633755,1,0
0,0.50727236,0,2
1,0.30870155,1,0
1,0.31574896,1,2
1,0.37328407,1,0
0,0.8567154,0,1
0,0.3905942,1,1
1,0.27198386,1,4
0,0.85781264,0,4
0,0.29899442,1,3
1,0.37458733,1,2
0,0.82775503,0,3
1,0.86525667,0,1
0,0.4647941,1,3
0,0.8515253,0,3
1,0.27990547,1,0
0,0.84052974,0,2
0,0.83561397,0,0
0,0.8291247,0,2
1,0.21089652,1,0
1,0.39314607,1,1
1,0.23503187,1,3
1,0.3470685,1,3
0,0.85707545,0,3
0,0.83804786,0,1
0,0.33057433,1,0
0,0.30344236,1,2
1,0.4924349,1,2
0,0.84999275,0,0
1,0.35644722,1,4
1,0.28517115,1,0
0,0.42387503,1,2
0,0.37135008,1,4
1,0.4168721,1,1
1,0.33624873,1,4
1,0.32704133,1,1
0,0.79673904,0,4
1,0.2742317,1,1
1,0.3108927,1,0
0,0.85874724,0,1
1,0.34692156,1,1
0,0.52373606,0,4
1,0.30466956,1,2
0,0.34319553,1,1
1,0.3765961,1,4
1,0.30844274,1,4
1,0.2809815,1,4
0,0.8638461,0,2
1,0.29189223,1,2
1,0.33172148,1,3
0,0.85524416,0,0
1,0.32617268,1,3
1,0.36291507,1,3
1,0.22143601,1,4
0,0.3368172,1,3
0,0.85313374,0,4
0,0.8364606,0,2
0,0.2398726,1,0
1,0.3417517,1,3
1,0.29856625,1,2
1,0.30140212,1,4
1,0.38541892,1,3
1,0.29143927,1,3
0,0.85500246,0,1
0,0.77826977,0,1
1,0.45837224,1,4
0,0.8450147,0,3
0,0.31399697,1,0
1,0.43158722,1,4
1,0.4756158,1,2
0,0.8499719,0,1
0,0.85288787,0,3
1,0.4201238,1,4
1,0.34270322,1,0
1,0.27122054,1,2
0,0.8616252,0,1
0,0.801425,0,4
0,0.39857322,1,3
1,0.24736458,1,4
0,0.8504522,0,4
0,0.854688,0,4
1,0.3206416,1,0
0,0.8261792,0,0
0,0.2731552,1,1
1,0.3217982,1,1
0,0.4145731,1,0
1,0.2803751,1,2
1,0.22297177,1,4
0,0.85315907,0,0
1,0.3102271,1,3
1,0.36960506,1,1
1,0.31026283,1,3
1,0.4205108,1,1
0,0.53716135,0,2
1,0.29009894,1,3
0,0.85328007,0,2
1,0.32688534,1,4
1,0.2833981,1,3
1,0.24069095,1,0
1,0.35616767,1,0
1,0.38767928,1,3
1,0.32360327,1,1
1,0.33395255,1,1
1,0.472481,1,0
0,0.40603736,1,1
1,0.37751183,1,3
1,0.3182873,1,2
1,0.2933594,1,2
1,0.23802124,1,0
1,0.28986892,1,0
0,0.82847804,0,4
1,0.30238402,1,3
0,0.31583533,1,1
0,0.28933665,1,2
1,0.4076063,1,1
0,0.43025213,1,2
0,0.84487253,0,2
1,0.31359053,1,4
1,0.39123237,1,3
1,0.27637237,1,3
1,0.2889046,1,0
1,0.287949,1,2
0,0.8380922,0,4
1,0.45658427,1,2
0,0.34308186,1,1
0,0.8522647,0,1
0,0.31298795,1,1
1,0.34329104,1,0
0,0.8188487,0,2
1,0.29371864,1,0
1,0.26308578,1,3
1,0.38403445,1,2
1,0.33647835,1,2
0,0.84616554,0,3
1,0.5189177,0,3
0,0.8420432,0,4
1,0.3580313,1,0
0,0.8353707,0,3
1,0.31206876,1,1
1,0.38281786,1,3
1,0.2927031,1,4
0,0.83951384,0,1
0,0.85282564,0,1
0,0.28005406,1,2
1,0.42114556,1,3
1,0.37168688,1,3
1,0.32453343,1,4
0,0.41363144,1,1
1,0.25996834,1,1
1,0.3315206,1,3
0,0.8410803,0,4
1,0.32745242,1,2
0,0.850459,0,4
1,0.83038497,0,3
0,0.34064192,1,4
1,0.26929146,1,3
1,0.31346285,1,0
1,0.35395688,1,1
0,0.34627068,1,1
1,0.47110137,1,1
1,0.40851432,1,4
0,0.52927095,0,4
1,0.30192307,1,2
1,0.2846943,1,1
1,0.35033834,1,1
1,0.3917211,1,4
1,0.30463114,1,3
0,0.37776527,1,3
1,0.28702363,1,2
1,0.3353455,1,0
1,0.2741983,1,4
0,0.29205334,1,0
0,0.37676254,1,2
1,0.42409214,1,2
1,0.2992586,1,1
0,0.24674226,1,4
0,0.46460217,1,0
0,0.30502743,1,2
1,0.8451404,0,0
0,0.4005358,1,4
1,0.4047684,1,1
0,0.843225,0,0
1,0.32719603,1,0
0,0.8496298,0,4
1,0.3611257,1,0
0,0.85656923,0,3
1,0.361022,1,0
1,0.5375933,0,2
0,0.8235285,0,4
1,0.3362019,1,4
1,0.33503568,1,0
0,0.43452334,1,0
1,0.3375396,1,0
0,0.8508337,0,4
1,0.41057873,1,3
1,0.23036641,1,0
1,0.35873675,1,1
1,0.46177697,1,3
1,0.31363228,1,2
1,0.85523045,0,2
0,0.85725355,0,2
0,0.83317506,0,0
1,0.2476788,1,1
1,0.2943575,1,4
0,0.8470329,0,2
1,0.31894782,1,2
0,0.26743403,1,3
0,0.8394815,0,1
1,0.27610064,1,2
1,0.3658737,1,4
0,0.32762402,1,2
1,0.28501067,1,1
0,0.7897334,0,3
1,0.23839936,1,3
1,0.37165162,1,1
1,0.37918484,1,3
1,0.32944098,1,3
1,0.256734,1,3
1,0.34290516,1,0
1,0.3249318,1,1
1,0.25727302,1,3
1,0.27899796,1,3
1,0.3203559,1,4
1,0.27726892,1,0
1,0.34654534,1,3
1,0.33469313,1,2
1,0.8580359,0,4
0,0.32137436,1,2
1,0.43115568,1,4
0,0.40251324,1,3
1,0.3460615,1,3
0,0.34470677,1,0
1,0.34797114,1,3
1,0.3790274,1,2
1,0.5859623,0,3
1,0.3264361,1,0
0,0.40774453,1,4
0,0.8451389,0,4
1,0.31471014,1,3
1,0.4117666,1,4
1,0.40769255,1,3
1,0.33849692,1,0
0,0.8196766,0,2
1,0.41104773,1,0
0,0.850249,0,1
1,0.4916943,1,0
1,0.32443827,1,2
0,0.81972206,0,1
0,0.8295421,0,1
0,0.8169062,0,2
1,0.35475475,1,0
1,0.33913535,1,2
1,0.29177794,1,0
0,0.82868236,0,4
0,0.44608447,1,2
1,0.2590456,1,4
1,0.32338616,1,0
1,0.38450357,1,0
1,0.39601034,1,0
1,0.336203,1,4
1,0.42832342,1,4
0,0.324734,1,4
1,0.34796,1,1
0,0.3810664,1,0
1,0.29845133,1,3
0,0.39291713,1,0
0,0.8575819,0,1
0,0.8482987,0,0
1,0.2731359,1,1
1,0.29665345,1,3
1,0.28283232,1,0
1,0.46254927,1,0
1,0.23629805,1,1
1,0.38592598,1,3
1,0.3699227,1,2
1,0.2889512,1,0
1,0.4680626,1,1
1,0.3085782,1,4
0,0.28750658,1,0
1,0.34936908,1,1
0,0.8563497,0,0
1,0.31674194,1,0
1,0.3292977,1,0
0,0.26814273,1,4
1,0.41062447,1,1
0,0.32936388,1,0
1,0.33505228,1,2
1,0.3005333,1,2
1,0.35493904,1,4
1,0.32305044,1,1
0,0.8490988,0,1
1,0.37658718,1,3
1,0.32102942,1,3
1,0.30076945,1,0
1,0.29346785,1,4
1,0.34066597,1,4
1,0.34617084,1,0
1,0.51903737,0,4
1,0.28139827,1,0
1,0.84100395,0,4
1,0.29971007,1,3
0,0.32156593,1,3
1,0.24129587,1,2
1,0.40622777,1,4
0,0.21926586,1,0
1,0.28623888,1,3
1,0.3535295,1,0
0,0.2990619,1,0
0,0.3631348,1,2
1,0.39297497,1,4
1,0.3799583,1,2
0,0.39757818,1,4
1,0.27721477,1,3
1,0.31752607,1,4
1,0.3738603,1,3
0,0.8649401,0,3
0,0.3620371,1,3
1,0.40079096,1,1
0,0.853509,0,1
1,0.2798994,1,3
1,0.35200572,1,4
0,0.3308324,1,4
0,0.8556838,0,3
1,0.3283551,1,0
0,0.8611808,0,2
1,0.26207197,1,3
1,0.45058477,1,3
0,0.2918684,1,3
1,0.26165494,1,4
1,0.30817747,1,1
1,0.38767865,1,0
1,0.2934415,1,2
1,0.8372752,0,4
1,0.32265335,1,2
0,0.3695484,1,1
1,0.2521171,1,4
0,0.29575115,1,3
0,0.45808983,1,3
1,0.38344193,1,3
1,0.2781332,1,0
1,0.33208305,1,0
1,0.37627625,1,4
0,0.8343719,0,1
0,0.85276115,0,4
1,0.3422781,1,0
0,0.3613558,1,4
0,0.3410169,1,2
1,0.3322751,1,3
1,0.279404,1,2
1,0.61441815,0,3
1,0.29063326,1,0
0,0.8308445,0,2
1,0.25746304,1,2
1,0.36278573,1,1
0,0.36397445,1,4
1,0.3464752,1,1
1,0.2705094,1,2
0,0.364376,1,1
1,0.23235713,1,0
0,0.8579977,0,4
0,0.8479337,0,0
1,0.34043056,1,0
0,0.8544849,0,0
1,0.39555344,1,2
0,0.34768268,1,0
0,0.29913896,1,2
0,0.29979122,1,4
1,0.41386497,1,4
0,0.30190095,1,4
0,0.8516531,0,4
1,0.41868687,1,0
1,0.30885345,1,1
1,0.8399138,0,3
1,0.29988208,1,0
0,0.8558948,0,3
1,0.30292618,1,3
0,0.86903983,0,4
1,0.26289096,1,3
1,0.38276693,1,0
1,0.35403344,1,0
1,0.33034995,1,0
0,0.8272966,0,2
1,0.40164807,1,0
1,0.39157325,1,0
0,0.24326596,1,3
1,0.28385276,1,3
1,0.33390963,1,1
1,0.309683,1,4
1,0.28939828,1,0
1,0.37866828,1,2
1,0.23491336,1,1
1,0.37332523,1,3
1,0.30511302,1,4
0,0.36441866,1,1
1,0.33650193,1,2
1,0.3209154,1,1
1,0.3395251,1,1
0,0.85101974,0,0
0,0.8580475,0,0
1,0.24769759,1,1
1,0.845436,0,0
1,0.31668037,1,0
1,0.26848114,1,0
1,0.48938596,1,4
1,0.38312414,1,0
1,0.33426028,1,3
1,0.3373403,1,0
0,0.26451933,1,0
1,0.38089985,1,1
1,0.3503891,1,3
1,0.39094895,1,2
1,0.36962655,1,0
1,0.4415892,1,4
1,0.30856028,1,1
0,0.8579876,0,2
0,0.31108433,1,4
1,0.30185905,1,2
1,0.25826967,1,1
1,0.3939755,1,0
1,0.3131509,1,2
0,0.8547965,0,0
1,0.3101428,1,0
1,0.38718003,1,2
1,0.33473533,1,4
0,0.85580623,0,4
1,0.3567832,1,0
0,0.8544781,0,4
0,0.84311485,0,3
0,0.86534286,0,1
1,0.36420804,1,4
1,0.23846875,1,1
1,0.2880796,1,3
0,0.29602206,1,0
1,0.27799958,1,3
0,0.38764203,1,3
1,0.31149,1,1
0,0.8501012,0,1
1,0.32142588,1,0
0,0.84718066,0,3
0,0.8557042,0,0
0,0.41878814,1,1
0,0.44548592,1,0
0,0.85352266,0,0
1,0.47172377,1,3
1,0.379667,1,0
0,0.8599047,0,4
1,0.32828665,1,4
1,0.33172318,1,0
0,0.85717386,0,0
1,0.32427073,1,0
0,0.32150626,1,3
1,0.3075147,1,1
0,0.2984004,1,2
0,0.375413,1,1
1,0.3684104,1,0
1,0.35286424,1,3
0,0.30048966,1,0
1,0.28954586,1,0
0,0.2903459,1,3
0,0.8518472,0,2
0,0.85795134,0,4
1,0.8579462,0,4
1,0.48212487,1,3
1,0.23132491,1,3
1,0.42538428,1,0
1,0.36281374,1,2
0,0.82837605,0,2
0,0.860468,0,2
0,0.85846025,0,2
0,0.8583499,0,0
0,0.85267484,0,0
0,0.85327333,0,3
1,0.3753836,1,3
0,0.84128433,0,1
1,0.39864403,1,2
0,0.83303165,0,0
1,0.28195274,1,2
0,0.3129718,1,3
1,0.34032857,1,3
0,0.8646745,0,2
1,0.35375816,1,1
0,0.7910641,0,1
0,0.85280097,0,0
1,0.8458817,0,1
0,0.44720274,1,0
1,0.24838933,1,4
0,0.32027808,1,1
1,0.38462728,1,0
0,0.34997103,1,0
0,0.3409645,1,1
0,0.24750146,1,1
1,0.40685642,1,1
1,0.37985635,1,0
1,0.34307343,1,4
1,0.3321515,1,1
1,0.3405545,1,0
0,0.28397033,1,0
1,0.43617895,1,0
1,0.40726197,1,1
0,0.8402316,0,3
0,0.831021,0,4
1,0.85063326,0,4
1,0.45263347,1,2
1,0.83195144,0,2
0,0.28821868,1,1
1,0.2763028,1,3
1,0.3621441,1,0
1,0.29535705,1,4
0,0.40776372,1,2
1,0.34740958,1,4
1,0.39529938,1,1
1,0.3139134,1,4
0,0.32083136,1,3
1,0.26604098,1,1
0,0.844833,0,0
1,0.42044783,1,0
0,0.8317754,0,1
1,0.34423858,1,0
1,0.39131197,1,4
1,0.32851332,1,4
1,0.24999228,1,3
0,0.849261,0,3
0,0.44913045,1,0
1,0.2825206,1,0
1,0.2657111,1,2
1,0.35302708,1,1
1,0.26601896,1,4
0,0.8554926,0,1
1,0.306795,1,0
1,0.30324224,1,1
0,0.8354165,0,1
1,0.35503492,1,2
1,0.49517804,1,0
0,0.37246093,1,3
1,0.43430865,1,4
0,0.8447569,0,1
1,0.36570814,1,1
0,0.8585941,0,2
1,0.43354285,1,4
1,0.39220434,1,1
0,0.84832823,0,3
0,0.85755485,0,0
1,0.35607558,1,4
0,0.84621507,0,1
1,0.45579755,1,3
1,0.3787742,1,2
1,0.826496,0,3
1,0.83781374,0,4
1,0.32901764,1,3
1,0.35324946,1,1
0,0.85442096,0,0
1,0.38132378,1,4
1,0.36746818,1,0
1,0.36462355,1,4
1,0.32835925,1,3
1,0.27064893,1,2
1,0.2679505,1,0
1,0.8122912,0,0
0,0.3554148,1,1
1,0.32541442,1,3
1,0.42507738,1,0
0,0.84277916,0,1
0,0.8561243,0,1
0,0.27663583,1,2
1,0.3169796,1,0
1,0.40852976,1,1
0,0.86150634,0,2
0,0.32531482,1,2
1,0.34008175,1,4
1,0.39143738,1,4
0,0.43350825,1,2
1,0.2732481,1,3
1,0.3179075,1,1
0,0.3574762,1,4
1,0.40387028,1,1
1,0.3595904,1,4
0,0.8383244,0,0
1,0.25879306,1,4
1,0.33960974,1,4
0,0.27500147,1,2
1,0.2596936,1,2
1,0.3121639,1,4
1,0.3582494,1,1
0,0.4055208,1,2
0,0.84546334,0,3
1,0.36105087,1,2
1,0.30098253,1,2
1,0.3162883,1,0
0,0.8576757,0,2
0,0.35478175,1,0
0,0.36067107,1,2
0,0.8621694,0,2
1,0.36442512,1,2
1,0.41563135,1,3
0,0.83762777,0,1
0,0.37149364,1,0
1,0.5490086,0,4
1,0.33770838,1,3
0,0.8516021,0,1
1,0.3470984,1,3
1,0.4018403,1,4
0,0.844422,0,0
1,0.34025797,1,4
1,0.37956497,1,4
1,0.8625917,0,4
1,0.25113028,1,2
1,0.3564754,1,1
0,0.84433544,0,0
1,0.27584547,1,0
1,0.3388684,1,0
0,0.85015994,0,1
1,0.29462498,1,0
1,0.42647433,1,1
0,0.84121406,0,0
0,0.20858829,1,1
1,0.36976314,1,3
0,0.83280796,0,4
1,0.3204384,1,2
0,0.8385244,0,3
1,0.30277097,1,0
0,0.32875788,1,0
1,0.452535,1,3
0,0.8578299,0,4
1,0.3023291,1,3
1,0.42117164,1,1
1,0.26581657,1,1
0,0.28155863,1,3
0,0.3646793,1,1
0,0.8475139,0,2
1,0.28486627,1,3
1,0.37779057,1,1
0,0.34578598,1,0
0,0.3576455,1,0
1,0.3347773,1,1
1,0.3499409,1,3
1,0.42946938,1,0
1,0.276644,1,0
0,0.835645,0,2
1,0.25437263,1,4
1,0.26833966,1,1
1,0.48165902,1,4
1,0.27825066,1,4
1,0.2809123,1,2
1,0.24436131,1,1
0,0.5001121,0,1
0,0.8632996,0,1
0,0.8550394,0,2
1,0.3448872,1,2
1,0.318529,1,2
1,0.34878466,1,1
1,0.25818542,1,2
1,0.3026464,1,3
1,0.23171106,1,1
0,0.34519303,1,2
0,0.37732115,1,3
0,0.850289,0,3
1,0.31455356,1,3
1,0.2825992,1,4
0,0.31016973,1,0
1,0.26068988,1,4
1,0.37429515,1,4
1,0.8529339,0,0
1,0.29057938,1,4
1,0.31880078,1,4
0,0.84039,0,1
1,0.37425753,1,3
1,0.3321622,1,2
0,0.42948866,1,2
1,0.32355595,1,0
0,0.8516514,0,0
1,0.27723965,1,0
1,0.38661698,1,4
1,0.31183377,1,0
0,0.81926864,0,4
0,0.22714697,1,3
0,0.32028994,1,4
1,0.34147054,1,3
0,0.21562986,1,1
0,0.83286846,0,1
1,0.33613744,1,3
0,0.30195177,1,2
1,0.28683162,1,3
1,0.37143034,1,4
0,0.292633,1,3
0,0.85078466,0,2
0,0.30610815,1,2
0,0.8675091,0,3
1,0.33184686,1,1
1,0.34347022,1,1
0,0.8405676,0,4
1,0.39143166,1,1
1,0.21483868,1,2
1,0.31160858,1,4
0,0.8615772,0,2
0,0.30928758,1,3
0,0.29294908,1,4
1,0.33468005,1,0
1,0.3534092,1,0
0,0.33303735,1,1
0,0.3026914,1,3
0,0.31807357,1,0
1,0.3930833,1,3
0,0.8441354,0,1
1,0.32250062,1,2
1,0.3089405,1,4
1,0.34609616,1,4
1,0.39260837,1,3
1,0.33645436,1,2
1,0.2918874,1,4
1,0.28335816,1,2
0,0.38439196,1,1
1,0.31303787,1,1
1,0.30495912,1,2
1,0.3420646,1,2
1,0.28860283,1,4
1,0.27258483,1,4
1,0.43515116,1,3
1,0.37376142,1,0
1,0.35467666,1,2
0,0.32719707,1,1
1,0.34539855,1,0
1,0.305568,1,3
1,0.3038309,1,4
1,0.31299716,1,0
1,0.31892163,1,1
0,0.39075944,1,4
1,0.4054268,1,1
1,0.2773035,1,1
1,0.29301822,1,0
1,0.4221557,1,1
1,0.3062819,1,1
1,0.83282125,0,0
0,0.37934512,1,0
1,0.35600883,1,2
0,0.8401665,0,4
0,0.3298623,1,4
1,0.3093777,1,4
0,0.3808201,1,1
0,0.8382399,0,2
1,0.34217933,1,0
1,0.36210078,1,1
0,0.84150255,0,2
1,0.3639885,1,3
0,0.33283335,1,0
1,0.27558574,1,3
0,0.84250826,0,4
1,0.3627315,1,0
0,0.84798944,0,4
1,0.2909254,1,1
1,0.47013575,1,0
0,0.8517977,0,4
1,0.31759894,1,0
1,0.37147108,1,3
1,0.34341386,1,3
1,0.28803942,1,3
1,0.37396127,1,4
1,0.37270242,1,2
0,0.41886216,1,3
1,0.36426395,1,2
1,0.33954054,1,3
1,0.28499663,1,3
1,0.30371803,1,4
1,0.24564415,1,1
1,0.21885763,1,2
0,0.34271538,1,0
1,0.48831856,1,4
1,0.28050283,1,0
1,0.31298026,1,0
1,0.32807958,1,1
1,0.32591194,1,1
1,0.21705422,1,3
1,0.37656155,1,0
0,0.8526262,0,0
1,0.37258714,1,3
0,0.344869,1,0
1,0.2775173,1,1
0,0.86333406,0,1
1,0.85047764,0,0
1,0.32393643,1,0
0,0.37615958,1,1
1,0.3583492,1,1
0,0.37789088,1,0
0,0.8510777,0,3
1,0.3719319,1,4
0,0.43358862,1,0
0,0.38286117,1,1
1,0.369103,1,0
0,0.85795,0,2
1,0.34923524,1,2
1,0.79387486,0,4
1,0.3335626,1,1
0,0.8586748,0,1
1,0.3291264,1,0
1,0.28729087,1,1
1,0.36612117,1,0
1,0.41377148,1,4
0,0.8516254,0,4
1,0.40881252,1,3
1,0.30575725,1,0
1,0.3246991,1,4
0,0.8477016,0,4
0,0.8439669,0,4
1,0.32294947,1,1
1,0.28821942,1,4
1,0.30982175,1,0
1,0.3151132,1,1
0,0.82636476,0,0
0,0.86296225,0,3
1,0.8263639,0,4
1,0.26138124,1,2
0,0.85557127,0,4
1,0.8416023,0,4
1,0.41324708,1,0
1,0.26998508,1,4
1,0.27732444,1,2
0,0.8443193,0,2
0,0.37076664,1,0
0,0.83308744,0,4
1,0.3622607,1,2
0,0.28836417,1,4
0,0.23450121,1,1
0,0.8603622,0,1
0,0.85094607,0,2
1,0.3875717,1,4
1,0.34236696,1,3
0,0.8386599,0,2
0,0.8437994,0,4
1,0.2924643,1,4
1,0.46189502,1,2
0,0.8468877,0,4
1,0.37701753,1,4
1,0.30000073,1,4
0,0.5332854,0,1
0,0.37770626,1,3
0,0.28421265,1,0
1,0.33969495,1,2
0,0.85060436,0,0
0,0.86061627,0,2
1,0.3584457,1,0
0,0.8312222,0,4
1,0.3923064,1,3
0,0.8529371,0,2
0,0.37257105,1,0
1,0.256084,1,3
0,0.22541746,1,2
1,0.24743633,1,1
1,0.84428513,0,1
1,0.25433186,1,1
1,0.2994089,1,3
0,0.85683703,0,2
1,0.29596952,1,0
0,0.85082304,0,0
1,0.4075872,1,4
1,0.3087171,1,3
1,0.2619971,1,2
1,0.48057884,1,0
1,0.534882,0,3
1,0.2806912,1,3
0,0.7991381,0,4
0,0.86085856,0,2
1,0.34203404,1,1
1,0.30902305,1,1
1,0.36827838,1,0
1,0.32360375,1,1
1,0.3703026,1,1
1,0.35410646,1,4
0,0.86017984,0,2
0,0.83025247,0,3
0,0.4066696,1,1
0,0.8592236,0,1
1,0.31160814,1,1
1,0.40443468,1,1
0,0.3062615,1,3
0,0.258977,1,2
0,0.386363,1,4
0,0.86437064,0,0
1,0.2721081,1,2
1,0.4233174,1,2
1,0.3197603,1,3
0,0.85441566,0,2
1,0.38969487,1,4
1,0.34246075,1,1
0,0.8591186,0,2
0,0.32715285,1,3
1,0.34273294,1,4
0,0.40431106,1,4
1,0.23576206,1,4
1,0.3558881,1,4
1,0.24543795,1,0
0,0.8479709,0,1
0,0.8598844,0,0
1,0.34413755,1,3
1,0.30225372,1,0
1,0.2966423,1,1
0,0.86267644,0,2
0,0.85371596,0,0
1,0.36402372,1,1
1,0.32548258,1,3
1,0.4556586,1,4
1,0.3169977,1,0
0,0.8371737,0,0
1,0.26841933,1,1
1,0.26100624,1,4
0,0.8151431,0,4
1,0.35056168,1,0
1,0.34786144,1,0
1,0.34602582,1,3
0,0.83347297,0,1
1,0.39311424,1,4
1,0.4328405,1,1
0,0.851629,0,0
1,0.39966136,1,0
1,0.3301487,1,2
1,0.26418978,1,0
1,0.37927097,1,0
1,0.39278767,1,2
1,0.28235617,1,4
1,0.27987102,1,2
0,0.8580902,0,0
1,0.3417345,1,4
0,0.84856707,0,4
1,0.29110956,1,1
1,0.2826302,1,0
1,0.34013283,1,1
1,0.42477757,1,4
1,0.84570086,0,4
1,0.34328648,1,2
0,0.27679682,1,1
0,0.84290254,0,0
0,0.8623107,0,2
0,0.40492448,1,0
1,0.32980642,1,1
1,0.30630755,1,2
1,0.39015836,1,4
1,0.36812434,1,2
0,0.86546385,0,4
0,0.34148574,1,0
1,0.2744694,1,1
1,0.35398751,1,1
1,0.25695664,1,0
0,0.85562664,0,0
0,0.27286366,1,0
0,0.4148479,1,4
1,0.31864688,1,0
0,0.2890163,1,4
1,0.37072888,1,1
1,0.34858388,1,1
1,0.57394314,0,0
1,0.2865188,1,2
1,0.41729072,1,4
1,0.45189676,1,3
0,0.798519,0,3
1,0.4279252,1,0
1,0.8469743,0,4
0,0.84913075,0,1
1,0.2957243,1,3
1,0.84942365,0,2
1,0.38173082,1,4
0,0.85321116,0,1
1,0.27632788,1,4
1,0.28382674,1,3
1,0.2871114,1,4
0,0.8174955,0,4
0,0.31582668,1,0
1,0.31771842,1,3
0,0.3257556,1,3
1,0.43576992,1,3
1,0.25667202,1,0
0,0.8572868,0,3
1,0.38521913,1,1
1,0.37773764,1,2
1,0.3560256,1,1
1,0.3225796,1,3
0,0.3860233,1,4
1,0.2807694,1,0
1,0.41838434,1,2
0,0.84877014,0,0
0,0.84472203,0,1
1,0.30808792,1,1
1,0.34946275,1,4
1,0.31005266,1,3
1,0.41366166,1,4
1,0.3438827,1,1
1,0.46514592,1,0
0,0.8480438,0,0
0,0.84920436,0,1
1,0.24284828,1,2
0,0.85668355,0,3
0,0.27401075,1,0
1,0.29556134,1,4
1,0.4014871,1,4
0,0.2991938,1,3
1,0.22063279,1,3
0,0.85869914,0,2
0,0.84966433,0,4
0,0.8637296,0,4
1,0.38623416,1,3
0,0.39687982,1,4
1,0.36854205,1,4
1,0.23314929,1,1
1,0.3094969,1,0
1,0.27731064,1,2
0,0.8236416,0,1
0,0.40377513,1,2
1,0.36241072,1,4
1,0.33212417,1,0
0,0.85340846,0,2
1,0.25653112,1,1
0,0.85318744,0,1
0,0.8539938,0,1
1,0.31038138,1,2
1,0.3355865,1,4
1,0.38514906,1,3
0,0.3050055,1,3
1,0.3804068,1,2
1,0.37961337,1,1
0,0.84154624,0,1
0,0.33252242,1,2
0,0.8597829,0,1
1,0.29956853,1,4
1,0.2958429,1,1
1,0.35405183,1,4
1,0.36520764,1,4
0,0.84052455,0,3
1,0.34807655,1,1
0,0.85706186,0,1
1,0.43698126,1,2
0,0.82370347,0,3
1,0.34317556,1,2
1,0.3838374,1,1
1,0.3377553,1,1
1,0.28540027,1,4
0,0.85315996,0,1
0,0.34423,1,2
0,0.83367646,0,4
0,0.2786152,1,1
1,0.25455728,1,2
0,0.34051725,1,0
0,0.3928203,1,2
0,0.8323475,0,0
1,0.4078898,1,0
